id,first_name,last_name,email,gender,ip_address
1,Shannon,Hawkshaw,shawkshaw0@reverbnation.com,Male,239.155.0.83
2,Marve,Agge,magge1@skype.com,Male,3.211.135.150
3,Elsey,Oak,eoak2@accuweather.com,Female,75.255.186.153
4,Doreen,Ashbe,dashbe3@ucla.edu,Female,80.97.106.137
5,Haley,Scamaden,hscamaden4@ning.com,Male,36.208.14.227
6,Myrle,Estcot,mestcot5@va.gov,Female,116.36.61.97
7,Tan,Copnall,tcopnall6@mozilla.com,Male,220.246.81.32
8,Eal,Peckett,epeckett7@webeden.co.uk,Male,158.15.154.253
9,Barth,Folcarelli,bfolcarelli8@google.com.hk,Male,78.184.127.42
10,Lynne,Spittles,lspittles9@tamu.edu,Female,209.80.73.86
